FS_LUT_ID,Label,R,A,S,Unnamed: 0,eid,NLL,EV,MSLL,BIC,Skew,Kurtosis,fold
11101.0,lh_G&S_frontomargin,-23.1251,56.7958,-8.8575,0,lh_G&S_frontomargin_thickness,-9080.251805201742,0.2672005779212496,-0.1466539576103146,-18119.41929957062,0.2991102670510577,1.048609629237768,6
11102.0,lh_G&S_occipital_inf,-37.2018,-82.6295,-13.1777,1,lh_G&S_occipital_inf_thickness,-9023.172408577988,0.2100498958390295,-0.1119353795003661,-18005.260506323113,0.0991960889950292,0.27766665109373,6
11103.0,lh_G&S_paracentral,-7.9944,-33.1159,67.397,2,lh_G&S_paracentral_thickness,-3026.623552602711,0.2159860775763845,-0.1004504503673482,-6012.16279437256,-0.055539635581794,0.3676787809994735,6
11104.0,lh_G&S_subcentral,-55.8942,-11.3545,14.5476,3,lh_G&S_subcentral_thickness,-7521.191733780877,0.2637205738352036,-0.1267809609029273,-15001.299295211473,0.085260616177625,0.3681203272704901,6
11105.0,lh_G&S_transv_frontopol,-14.2706,63.5673,-0.6889,4,lh_G&S_transv_frontopol_thickness,-3077.5067537058007,0.2516740034565344,-0.1246820844959391,-6113.92919657874,0.2169618673254362,0.911350534626334,6
11106.0,lh_G&S_cingul-Ant,-7.7783,38.9848,9.0119,5,lh_G&S_cingul-Ant_thickness,-12441.754152921529,0.2813058956259483,-0.1579332742205289,-24842.423995010195,0.0769943194601497,0.8124778490856445,6
11107.0,lh_G&S_cingul-Mid-Ant,-7.2655,16.0669,34.2914,6,lh_G&S_cingul-Mid-Ant_thickness,-1789.6149979827755,0.2273807778098192,-0.1169113078318073,-3538.14568513269,-0.4375666420236942,0.8760537951547783,6
11108.0,lh_G&S_cingul-Mid-Post,-7.1176,-11.6682,40.5827,7,lh_G&S_cingul-Mid-Post_thickness,-13399.40285837549,0.337019995258788,-0.1992659260511384,-26757.721682888063,-0.1657884111908523,0.7032697267989058,6
11109.0,lh_G_cingul-Post-dorsal,-3.7206,-38.2292,30.6738,8,lh_G_cingul-Post-dorsal_thickness,-9273.15345454328,0.2998412178722185,-0.1503573857504145,-18505.222875223648,-0.0770127452692247,0.5424593803231383,6
11110.0,lh_G_cingul-Post-ventral,-7.5337,-48.8825,6.368,9,lh_G_cingul-Post-ventral_thickness,2453.59627948444,0.3471264376692039,-0.2032489054836299,4948.276869801742,-0.0034987554536709,0.2557037558143781,6
11111.0,lh_G_cuneus,-5.2448,-81.9967,17.0077,10,lh_G_cuneus_thickness,-13983.500069940776,0.384592357250235,-0.245578473200553,-27925.91582904869,0.3374411574702851,0.7643863882018911,6
11112.0,lh_G_front_inf-Opercular,-49.8475,11.5337,9.0836,11,lh_G_front_inf-Opercular_thickness,-9269.929581047863,0.3339546982373719,-0.179884457427724,-18498.77498974544,-0.1157728766478974,0.5130323777565804,6
11113.0,lh_G_front_inf-Orbital,-43.6314,30.9509,-10.276,12,lh_G_front_inf-Orbital_thickness,-2222.114634357062,0.2814397555756072,-0.1483131220396377,-4403.144957881264,-0.0280402842772071,0.576800573512106,6
11114.0,lh_G_front_inf-Triangul,-49.6582,30.0638,4.7465,13,lh_G_front_inf-Triangul_thickness,-7995.27463164232,0.3581935200289747,-0.1997450645541404,-15949.46495245178,-0.0254127467697298,0.4593894833172297,6
11115.0,lh_G_front_middle,-35.747,33.1098,31.8311,14,lh_G_front_middle_thickness,-12351.049851914931,0.4033083044770595,-0.2534321489109967,-24661.015392997004,-0.1513755947624645,0.6210900671502912,6
11116.0,lh_G_front_sup,-9.8816,26.3029,45.3459,15,lh_G_front_sup_thickness,-11341.460057554885,0.4058707322107532,-0.2564221865732993,-22641.835804276903,-0.1468322642022405,0.4620535432101635,6
,lh_G_Ins_lg&S_cent_ins,,,,16,lh_G_Ins_lg&S_cent_ins_thickness,3226.2111841666906,0.1318330682516862,-0.0692955569830254,6493.506679166243,0.0465698467797732,0.1289593047881288,6
11118.0,lh_G_insular_short,-37.1827,9.0123,-3.7319,17,lh_G_insular_short_thickness,2524.467073647142,0.1174089533176931,-0.0624019663822282,5090.018319644569,-0.1763136587285617,0.2813467860729708,6
11119.0,lh_G_occipital_middle,-39.597,-83.6257,11.7755,18,lh_G_occipital_middle_thickness,-12278.119708622791,0.2419640094461059,-0.1352346581288112,-24515.155106412723,-0.1644469504752794,0.8754913464794004,6
11120.0,lh_G_occipital_sup,-14.6553,-88.777,27.3987,19,lh_G_occipital_sup_thickness,-8311.323338059812,0.2223705411882516,-0.1245521510838073,-16581.56236528676,0.1565754243644018,0.4050347936317415,6
11121.0,lh_G_oc-temp_lat-fusifor,-34.6236,-53.8229,-19.7188,20,lh_G_oc-temp_lat-fusifor_thickness,-8893.218327102648,0.2613505051921291,-0.1271672223504261,-17745.35248185501,-0.1630723854324944,0.4671999609522713,6
11122.0,lh_G_oc-temp_med-Lingual,-10.7537,-71.924,-5.4271,21,lh_G_oc-temp_med-Lingual_thickness,-12110.535924680287,0.476214260576269,-0.3395706774256024,-24179.987538527712,0.1502452570429757,0.4007942643429182,6
11123.0,lh_G_oc-temp_med-Parahip,-23.5743,-17.2485,-27.3776,22,lh_G_oc-temp_med-Parahip_thickness,1979.0560019028117,0.139641096117892,-0.0712933841545669,3999.196314638484,-0.2102217486517438,0.2578177535319382,6
11124.0,lh_G_orbital,-27.2398,35.5644,-17.7082,23,lh_G_orbital_thickness,-10293.022845365822,0.3173978991510867,-0.1921833586381026,-20544.96137989878,0.0035792983052183,0.5466943385165135,6
11125.0,lh_G_pariet_inf-Angular,-42.5073,-67.3401,36.7981,24,lh_G_pariet_inf-Angular_thickness,-11438.623123050238,0.3948676342745463,-0.2512933860028238,-22836.161935267613,-0.2208774232824436,0.8128120337054278,6
11126.0,lh_G_pariet_inf-Supramar,-55.7925,-36.7359,30.9234,25,lh_G_pariet_inf-Supramar_thickness,-11342.707787861224,0.3505691276016023,-0.2096107327643069,-22644.33140337216,-0.1521612466773887,0.479364616152782,6
11127.0,lh_G_parietal_sup,-21.0506,-60.0,58.3399,26,lh_G_parietal_sup_thickness,-11345.5596180538,0.3752408134155176,-0.229899781186616,-22650.03492527474,-0.0680650470376516,0.4609992698533399,6
11128.0,lh_G_postcentral,-44.7402,-24.6631,53.214,27,lh_G_postcentral_thickness,-6869.196869602378,0.2236393842565082,-0.1213785431772594,-13697.309428371897,0.1237430683986347,0.4549628278130543,6
11129.0,lh_G_precentral,-42.3603,-9.2686,50.1121,28,lh_G_precentral_thickness,-2565.27175539165,0.2283953683613341,-0.1105001995712812,-5089.459338433016,-0.457494516151597,1.0107500096493238,6
11130.0,lh_G_precuneus,-6.1559,-58.2415,40.158,29,lh_G_precuneus_thickness,-10899.821666315927,0.3520309004982833,-0.2140229757781344,-21758.55916028157,-0.0363277385319303,0.4153933750585841,6
11131.0,lh_G_rectus,-4.7514,39.3837,-20.2318,30,lh_G_rectus_thickness,-4960.147817110228,0.2527212885825064,-0.1185659254522073,-9879.211323387595,-0.0633043597294933,0.887128664403784,6
11132.0,lh_G_subcallosal,-4.3878,13.9366,-10.0195,31,lh_G_subcallosal_thickness,11513.07667133408,0.2221823632622837,-0.1236343465190017,23067.237653501023,0.13448053528645,0.4999851512947961,6
11133.0,lh_G_temp_sup-G_T_transv,-47.7364,-19.1462,5.724,32,lh_G_temp_sup-G_T_transv_thickness,1459.9498407872402,0.2415540442844338,-0.1322009005302875,2960.9839924073417,0.1535250342757211,0.2041631936333245,6
11134.0,lh_G_temp_sup-Lateral,-57.4998,-10.6316,-6.8325,33,lh_G_temp_sup-Lateral_thickness,-3858.349523116311,0.2385812821075608,-0.1128607635090539,-7675.614735399759,-0.0171853858527674,0.1210332248837884,6
11135.0,lh_G_temp_sup-Plan_polar,-39.943,5.3878,-21.7421,34,lh_G_temp_sup-Plan_polar_thickness,7779.927214867864,0.1453547740341692,-0.0783416553656802,15600.938740568588,-0.2906586506659842,0.4189349716999478,6
11136.0,lh_G_temp_sup-Plan_tempo,-57.5532,-37.7426,15.8241,35,lh_G_temp_sup-Plan_tempo_thickness,-4094.915629630269,0.2603785844602519,-0.1243123366491037,-8148.746948427677,-0.0183866118185804,0.3646723698557787,6
11137.0,lh_G_temporal_inf,-51.128,-33.8554,-27.151,36,lh_G_temporal_inf_thickness,-8816.621329653994,0.2858169291623802,-0.1369528065783242,-17592.158348475125,0.0196887517035987,0.320896502858131,6
11138.0,lh_G_temporal_middle,-59.7574,-30.051,-13.818,37,lh_G_temporal_middle_thickness,-8499.03323665244,0.3016491050686236,-0.1785613792292854,-16956.982162472017,-0.1458244670667076,0.566008646363034,6
11139.0,lh_Lat_Fis-ant-Horizont,-39.0511,31.4562,-3.281,38,lh_Lat_Fis-ant-Horizont_thickness,2028.572890188675,0.1623562906144404,-0.0734782560334723,4098.230091210212,0.8422669638359694,1.7891403101394752,6
11140.0,lh_Lat_Fis-ant-Vertical,-43.736,21.1781,6.9506,39,lh_Lat_Fis-ant-Vertical_thickness,-901.494951601114,0.2138556675600479,-0.0959096904059856,-1761.9055923693663,0.4998429691206931,1.3656787749036468,6
11141.0,lh_Lat_Fis-post,-40.6452,-33.2763,16.6855,40,lh_Lat_Fis-post_thickness,-10897.461044391644,0.3007935732809604,-0.1707347822925423,-21753.837916433,0.0316881972309052,0.3910460401055104,6
11143.0,lh_Pole_occipital,-18.7681,-98.0764,-3.7502,41,lh_Pole_occipital_thickness,-9460.537250774025,0.148687365840102,-0.076629075939034,-18879.990190715183,0.1190901308630075,0.6833455310486177,6
11144.0,lh_Pole_temporal,-33.8886,6.7044,-37.8935,42,lh_Pole_temporal_thickness,-2624.8751625835366,0.149585836402265,-0.0653341721257743,-5208.666429796327,-0.2921765360987136,0.7974009038585629,6
11145.0,lh_S_calcarine,-15.7554,-65.7797,4.3414,43,lh_S_calcarine_thickness,-17517.406168682322,0.5006070214400365,-0.351467289085924,-34993.72802653178,0.261990366575853,0.654337077106094,6
11146.0,lh_S_central,-36.5072,-19.8462,45.0357,44,lh_S_central_thickness,-14302.503026610071,0.3005889342871189,-0.16648468950531,-28563.921742387283,-0.0823580160417465,0.4789156870314999,6
11147.0,lh_S_cingul-Marginalis,-13.2361,-36.5753,46.5387,45,lh_S_cingul-Marginalis_thickness,-12830.492911972504,0.3747122687588541,-0.2266978099941803,-25619.90165159472,-0.115528521973743,0.6885081162483917,6
11148.0,lh_S_circular_insula_ant,-30.5266,20.6759,-10.1728,46,lh_S_circular_insula_ant_thickness,-3894.2610857270047,0.2278299602630284,-0.1025963840350839,-7747.437999103725,-0.0016505041635144,0.5346000287465137,6
11149.0,lh_S_circular_insula_inf,-41.0366,-11.7168,-7.5982,47,lh_S_circular_insula_inf_thickness,-4206.290298009315,0.2826179993420498,-0.1426638281995889,-8371.496285185769,0.0492530719143023,0.2187059358879133,6
11150.0,lh_S_circular_insula_sup,-36.1574,5.3773,10.2139,48,lh_S_circular_insula_sup_thickness,-16963.62114237209,0.4030925848791755,-0.2408958032142371,-33886.158112393896,-0.2150573223339269,0.8340289556008589,6
11151.0,lh_S_collat_transv_ant,-40.796,-22.5175,-27.0101,49,lh_S_collat_transv_ant_thickness,-511.2432886445548,0.1019362357954325,-0.036844833465722,-981.4024049388254,0.3043230211170252,1.0938199541683786,6
11152.0,lh_S_collat_transv_post,-25.0798,-78.5924,-8.7521,50,lh_S_collat_transv_post_thickness,-6462.599498350966,0.1941228324811842,-0.1009091329492106,-12884.114824351647,0.4432625690115879,0.8666638189495097,6
11153.0,lh_S_front_inf,-39.5856,23.4187,20.783,51,lh_S_front_inf_thickness,-16939.93509421532,0.4237393972641797,-0.2586202890738466,-33838.78587759778,-0.1624211373768736,1.1723133999541968,6
11154.0,lh_S_front_middle,-27.3377,43.5,19.8966,52,lh_S_front_middle_thickness,-13843.128939182514,0.3918171888553642,-0.2339437055522818,-27645.173567532165,0.0580800481218093,1.1615731697894036,6
11155.0,lh_S_front_sup,-23.7145,19.6477,44.016,53,lh_S_front_sup_thickness,-16099.532627599889,0.4428907244624331,-0.2770638748431483,-32157.98094436691,-0.2616656828530871,0.9893484376188122,6
11156.0,lh_S_interm_prim-Jensen,-51.2464,-52.715,30.8309,54,lh_S_interm_prim-Jensen_thickness,8008.863538267142,0.16003893919636,-0.0779155142267412,16058.808893946923,1.1003964757979392,2.036587032311236,6
,lh_S_intrapariet&P_trans,,,,55,lh_S_intrapariet&P_trans_thickness,-17476.998553001755,0.4232584099785696,-0.2589616979739339,-34912.91293365323,-0.1882458225182144,0.9761929122050332,6
,lh_S_oc_middle&Lunatus,,,,56,lh_S_oc_middle&Lunatus_thickness,-12659.7632800817,0.2771570683784365,-0.1498451297756196,-25278.44224933054,0.2382258396820328,1.5011731650815447,6
,lh_S_oc_sup&transversal,,,,57,lh_S_oc_sup&transversal_thickness,-14738.390524016357,0.3353208493021562,-0.1897506001071421,-29435.6970141698,-0.067371098837328,0.5996777211482504,6
11160.0,lh_S_occipital_ant,-43.0102,-69.1141,0.3299,58,lh_S_occipital_ant_thickness,-8705.70244787719,0.1939161183026204,-0.1016235696316579,-17370.320584921516,0.1546719605819142,0.4785200914837857,6
11161.0,lh_S_oc-temp_lat,-43.2079,-51.3559,-15.2207,59,lh_S_oc-temp_lat_thickness,-9949.859081917431,0.1960593265423326,-0.1013855882253977,-19858.633853002,0.2254091610708208,0.7616626192497502,6
,lh_S_oc-temp_med&Lingual,,,,60,lh_S_oc-temp_med&Lingual_thickness,-12557.270159149912,0.3172665107433572,-0.1858136845853865,-25073.45600746696,0.0629100506532515,0.317637976610553,6
11163.0,lh_S_orbital_lateral,-41.2287,42.4769,-2.7372,61,lh_S_orbital_lateral_thickness,-1807.9125228630232,0.2373488736129759,-0.1091543507750949,-3574.740873375762,0.6752360619369324,2.252978929396911,6
11164.0,lh_S_orbital_med-olfact,-12.07,25.5372,-19.7779,62,lh_S_orbital_med-olfact_thickness,-8262.33154557143,0.2074080418619945,-0.1128948727438041,-16483.581550872877,0.716100597744728,3.691981041390452,6
11165.0,lh_S_orbital-H_Shaped,-25.707,36.2054,-13.8749,63,lh_S_orbital-H_Shaped_thickness,-7604.828076631273,0.3541179661904635,-0.1893568755814136,-15168.571842429685,0.1532157170402791,0.7599968668297123,6
11166.0,lh_S_parieto_occipital,-15.1186,-67.8952,22.7639,64,lh_S_parieto_occipital_thickness,-14082.069626026436,0.3786606499796755,-0.2259770285518217,-28123.055079702583,-0.0330822427546842,0.4792808756924515,6
11167.0,lh_S_pericallosal,-4.4078,-0.2915,17.734,65,lh_S_pericallosal_thickness,6219.948560807566,0.1043348934176107,-0.053866069277637,12480.981432447992,0.6596064782953797,0.8526740045616008,6
11168.0,lh_S_postcentral,-38.27,-35.1022,45.0907,66,lh_S_postcentral_thickness,-14799.451013800515,0.4206602303553245,-0.2568357010427174,-29557.817855250745,-0.1046043477582027,0.6305704549932423,6
11169.0,lh_S_precentral-inf-part,-44.5104,3.9463,26.7478,67,lh_S_precentral-inf-part_thickness,-14008.92355368293,0.36474053994558,-0.2141090852653583,-27976.763073502945,-0.2548048620717948,0.9092062379798844,6
11170.0,lh_S_precentral-sup-part,-28.9046,-8.46,52.2209,68,lh_S_precentral-sup-part_thickness,-10386.560609041388,0.3037536679171606,-0.1740555991543551,-20732.03704573249,-0.2601734471873339,0.8382548775435276,6
11171.0,lh_S_suborbital,-6.9567,39.6215,-10.6422,69,lh_S_suborbital_thickness,1519.0286018537208,0.1174990557152496,-0.0521283342669155,3079.141514540303,0.6115857517183341,1.6614122613832525,6
11172.0,lh_S_subparietal,-9.6541,-48.4108,35.1315,70,lh_S_subparietal_thickness,-13644.630743639998,0.2972443247883413,-0.1640234307919307,-27248.17717644713,0.1043783732153484,0.7437668564398281,6
11173.0,lh_S_temporal_inf,-52.9245,-35.2661,-17.6773,71,lh_S_temporal_inf_thickness,-9632.36350283668,0.1996584083179141,-0.1072381129715414,-19223.64269484049,0.1589445674550974,0.9306292018691648,6
11174.0,lh_S_temporal_sup,-49.8609,-40.9534,3.242,72,lh_S_temporal_sup_thickness,-18521.64195240553,0.4144024935456053,-0.2533231924732043,-37002.19973246079,-0.1964400558939687,0.6621441601206233,6
11175.0,lh_S_temporal_transverse,-51.0,-25.3276,3.5501,73,lh_S_temporal_transverse_thickness,7076.063116794158,0.1297304045687752,-0.0646670007682511,14193.2104059386,0.5089879867511158,0.2500302337613174,6
,lh_MeanThickness,,,,74,lh_MeanThickness_thickness,-23896.335178691723,0.4636666782674787,-0.2961178613068673,-47751.58618503317,-0.257866644894793,0.6278788206292861,6
12101.0,rh_G&S_frontomargin,21.2278,57.8432,-10.3605,75,rh_G&S_frontomargin_thickness,-6816.70363548449,0.2727076145914346,-0.1514149212815017,-13592.32296013612,0.2917103988848192,1.1385798818113189,6
12102.0,rh_G&S_occipital_inf,41.3785,-78.626,-12.0294,76,rh_G&S_occipital_inf_thickness,-4130.157369787448,0.1254590004452058,-0.0445286825328866,-8219.230428742036,0.1288799893451922,0.2830102611419746,6
12103.0,rh_G&S_paracentral,6.8935,-32.8405,67.312,77,rh_G&S_paracentral_thickness,-3060.970615585486,0.2037343216646818,-0.09669027137308,-6080.85692033811,0.0126911975893391,0.3947538437232437,6
12104.0,rh_G&S_subcentral,56.3936,-9.9829,15.4265,78,rh_G&S_subcentral_thickness,-7065.534351230411,0.2495275130423715,-0.1170612931366721,-14089.98439162796,0.064250601944272,0.328452708076841,6
12105.0,rh_G&S_transv_frontopol,16.3126,63.2224,1.2483,79,rh_G&S_transv_frontopol_thickness,-6169.855517635533,0.2934211556633053,-0.1539079804794709,-12298.626724438203,0.2818720246778292,0.9146576910345496,6
12106.0,rh_G&S_cingul-Ant,8.5277,38.6647,7.4681,80,rh_G&S_cingul-Ant_thickness,-13611.114091260037,0.3653973250181102,-0.2129249749905378,-27181.14387168721,0.0321821971155439,0.9803533935631544,6
12107.0,rh_G&S_cingul-Mid-Ant,7.67,16.5685,35.1832,81,rh_G&S_cingul-Mid-Ant_thickness,-7261.526854118842,0.2568029705736855,-0.1293114991107908,-14481.969397404822,-0.3272107680229644,0.870341624297932,6
12108.0,rh_G&S_cingul-Mid-Post,6.8961,-10.2923,41.6171,82,rh_G&S_cingul-Mid-Post_thickness,-13895.58192007146,0.3159679943033779,-0.1805632559269073,-27750.07966779264,-0.1135489870576813,0.5325281168039562,6
12109.0,rh_G_cingul-Post-dorsal,3.7861,-38.2181,31.7797,83,rh_G_cingul-Post-dorsal_thickness,-8018.231495916431,0.306305971084026,-0.1787110679015323,-15995.379096462117,-0.2877617002937909,1.08601066286255,6
12110.0,rh_G_cingul-Post-ventral,8.1356,-50.609,7.3923,84,rh_G_cingul-Post-ventral_thickness,1112.850895824204,0.2421998294375527,-0.1370988513624663,2266.7859639986928,0.0469383533346094,0.3353029296731976,6
12111.0,rh_G_cuneus,6.3039,-78.9931,18.7983,85,rh_G_cuneus_thickness,-15517.923661566543,0.499918144717593,-0.3557821951663253,-30994.763012300227,0.4316666207254703,1.0619429427513702,6
12112.0,rh_G_front_inf-Opercular,50.8304,9.2072,8.0672,86,rh_G_front_inf-Opercular_thickness,-10306.857244163417,0.3391969324739693,-0.204618301620843,-20572.630177493967,-0.093757567173145,0.4992706450832215,6
12113.0,rh_G_front_inf-Orbital,48.4311,33.0299,-7.6527,87,rh_G_front_inf-Orbital_thickness,-921.8437536742366,0.2647537692561438,-0.1403266853037381,-1802.603196515612,0.0071107829845986,0.6587374657955033,6
12114.0,rh_G_front_inf-Triangul,51.924,28.6687,8.2459,88,rh_G_front_inf-Triangul_thickness,-7744.7870781736765,0.3463750036019816,-0.1948148001298093,-15448.489845514492,-0.0127714393059258,0.584643283331961,6
12115.0,rh_G_front_middle,37.241,33.6232,31.3429,89,rh_G_front_middle_thickness,-12659.041857855826,0.4008010347534315,-0.2546905179804726,-25276.99940487879,-0.1727050348973975,0.7720532642707928,6
12116.0,rh_G_front_sup,10.2659,28.1423,44.9265,90,rh_G_front_sup_thickness,-11394.075616273556,0.3931329397910531,-0.2449666668897389,-22747.067060196827,-0.1345583210197471,0.5019823435466074,6
,rh_G_Ins_lg&S_cent_ins,,,,91,rh_G_Ins_lg&S_cent_ins_thickness,6888.62069166549,0.0932556123561805,-0.0416406137132418,13818.32569416384,0.0490605307293076,0.0184981661266296,6
12118.0,rh_G_insular_short,38.6089,10.1184,-2.9565,92,rh_G_insular_short_thickness,5089.768045493022,0.132726669095601,-0.0715735840036906,10220.620401818906,0.0010341435066221,0.0485586469815264,6
12119.0,rh_G_occipital_middle,40.8287,-80.812,14.3411,93,rh_G_occipital_middle_thickness,-11756.210604320588,0.266478612297516,-0.1512362144954024,-23471.33703629089,-0.1376604606454988,0.7618191318056334,6
12120.0,rh_G_occipital_sup,18.9942,-84.885,32.0536,94,rh_G_occipital_sup_thickness,-8831.610509419663,0.2715872007499675,-0.1590784635248686,-17622.136708006463,0.0867641174199548,0.3769406476847096,6
12121.0,rh_G_oc-temp_lat-fusifor,33.8612,-51.8256,-19.0918,95,rh_G_oc-temp_lat-fusifor_thickness,-7703.425098996908,0.2034271001637265,-0.0910413046495608,-15365.766025643532,-0.1204611170423357,0.3667682295197095,6
12122.0,rh_G_oc-temp_med-Lingual,11.3852,-66.4634,-4.2247,96,rh_G_oc-temp_med-Lingual_thickness,-11723.330424655707,0.5367183417079087,-0.405786760342278,-23405.57653847855,0.175983880571476,0.3576195173219603,6
12123.0,rh_G_oc-temp_med-Parahip,25.5473,-15.1787,-28.134,97,rh_G_oc-temp_med-Parahip_thickness,889.534527945788,0.1461970075602269,-0.0787752050745371,1820.153366724437,-0.1896614567875869,0.2573820547789694,6
12124.0,rh_G_orbital,27.7573,35.1705,-17.8274,98,rh_G_orbital_thickness,-8955.899280657284,0.2890084102771583,-0.1529446351503731,-17870.714250481706,0.0109587116954639,0.4220125885761149,6
12125.0,rh_G_pariet_inf-Angular,45.5102,-62.18,38.761,99,rh_G_pariet_inf-Angular_thickness,-10246.799215161342,0.3493821477135801,-0.2136982307217854,-20452.51411948982,-0.2183797004627798,0.7003715828660134,6
12126.0,rh_G_pariet_inf-Supramar,57.5147,-32.1809,31.5709,100,rh_G_pariet_inf-Supramar_thickness,-10904.882802937467,0.3400252698795708,-0.201673170929967,-21768.68129504207,-0.1591200453832265,0.4375838362557285,6
12127.0,rh_G_parietal_sup,21.6948,-56.3044,60.9097,101,rh_G_parietal_sup_thickness,-9907.005932452115,0.355847797573723,-0.2152834093897649,-19772.927554071368,-0.0520420609065535,0.4103654655402733,6
12128.0,rh_G_postcentral,44.2217,-23.7366,54.0854,102,rh_G_postcentral_thickness,-4770.469090903875,0.2025692898947416,-0.1094818561814966,-9499.85387097489,0.1243486521534842,0.5058174292880111,6
12129.0,rh_G_precentral,42.3899,-7.8249,49.6349,103,rh_G_precentral_thickness,-1376.665816892172,0.2126590274875606,-0.1022031618864526,-2712.2473229514826,-0.545492430025013,1.2609674008074063,6
12130.0,rh_G_precuneus,6.4769,-59.9843,42.4628,104,rh_G_precuneus_thickness,-10777.763881124429,0.3434817409313342,-0.2063278340265954,-21514.44358989857,0.0253818371346399,0.3995938286643811,6
12131.0,rh_G_rectus,5.4131,34.7985,-20.9867,105,rh_G_rectus_thickness,-3346.775549427916,0.2150774291050806,-0.0942243121640244,-6652.46678802297,0.1153844882375295,1.1944112512918017,6
12132.0,rh_G_subcallosal,5.0668,13.8114,-11.8605,106,rh_G_subcallosal_thickness,18598.48473187367,0.0991297738153205,-0.0505237339824622,37238.05349761025,0.4131003801823573,0.5119240800679432,6
12133.0,rh_G_temp_sup-G_T_transv,48.8354,-16.781,5.5635,107,rh_G_temp_sup-G_T_transv_thickness,1488.671646230957,0.2153385853982755,-0.1151207209260662,3018.4276032947755,0.0971600051634679,0.409699381112907,6
12134.0,rh_G_temp_sup-Lateral,59.6211,-9.3856,-5.5205,108,rh_G_temp_sup-Lateral_thickness,-5328.118536041614,0.260828184100801,-0.1385435330107769,-10615.152761250369,-0.125054621181319,0.3661018327356989,6
12135.0,rh_G_temp_sup-Plan_polar,42.3807,6.2392,-20.38,109,rh_G_temp_sup-Plan_polar_thickness,5969.844383621238,0.1454996005095641,-0.0751918737812132,11980.773078075335,-0.0911493300642371,0.1439607901899782,6
12136.0,rh_G_temp_sup-Plan_tempo,58.7242,-31.91,16.672,110,rh_G_temp_sup-Plan_tempo_thickness,-4300.152900607698,0.2750879185129218,-0.1320780587839093,-8559.221490382535,0.0102807302056681,0.2969095678038845,6
12137.0,rh_G_temporal_inf,53.1427,-31.9381,-27.075,111,rh_G_temporal_inf_thickness,-8251.395012872237,0.2469443350220094,-0.1239823358943402,-16461.70571491161,-0.0012172039026935,0.2729181411535151,6
12138.0,rh_G_temporal_middle,61.3127,-27.9987,-13.4806,112,rh_G_temporal_middle_thickness,-9728.00148060216,0.327183652965389,-0.1731151752834404,-19414.91878885404,-0.0874886479648205,0.4544088538690371,6
12139.0,rh_Lat_Fis-ant-Horizont,41.598,28.5267,1.7506,113,rh_Lat_Fis-ant-Horizont_thickness,-1497.606252397973,0.2281555264822223,-0.1051032981775118,-2954.1281939630853,0.4849535274651743,1.1926574229957403,6
12140.0,rh_Lat_Fis-ant-Vertical,46.2786,20.7,8.3179,114,rh_Lat_Fis-ant-Vertical_thickness,1894.0471686522524,0.1639225926318032,-0.0783150316034281,3829.177263095801,0.6864533023174768,1.6563943567930708,6
12141.0,rh_Lat_Fis-post,40.4023,-27.3183,17.3162,115,rh_Lat_Fis-post_thickness,-11946.06504983308,0.3286580123606264,-0.1905581472305267,-23851.045788833297,-0.0383792789874305,0.7735064863170836,6
12143.0,rh_Pole_occipital,18.1044,-95.485,-2.6473,116,rh_Pole_occipital_thickness,-12252.690992763031,0.1967361690484873,-0.1071376622102101,-24464.297674693204,0.1742768700951112,0.4833722714759464,6
12144.0,rh_Pole_temporal,37.2429,7.7964,-37.3216,117,rh_Pole_temporal_thickness,-2668.4002768636456,0.1394423712480234,-0.0599062798656144,-5295.716658356545,-0.2603456943995297,0.6977736527992079,6
12145.0,rh_S_calcarine,17.3563,-63.3242,5.1179,118,rh_S_calcarine_thickness,-16309.394810093763,0.5002816525491844,-0.3502337183851834,-32577.705309354667,0.2479413875513108,0.4480965371787286,6
12146.0,rh_S_central,36.4714,-18.6575,45.3375,119,rh_S_central_thickness,-14308.725488428818,0.2924055765733365,-0.1614032458843663,-28576.366666024773,0.0359306904304501,0.5372815284039285,6
12147.0,rh_S_cingul-Marginalis,12.4069,-36.0269,46.6829,120,rh_S_cingul-Marginalis_thickness,-13419.31819278179,0.3728927963873818,-0.2213179253431021,-26797.55207473072,-0.1191990797613408,0.6753795524536079,6
12148.0,rh_S_circular_insula_ant,32.3848,22.0633,-7.7903,121,rh_S_circular_insula_ant_thickness,-2750.31996517192,0.207883697132108,-0.0942703619092783,-5459.5556195109775,0.1117481960243387,0.3468859503239363,6
12149.0,rh_S_circular_insula_inf,42.5558,-10.5773,-7.4966,122,rh_S_circular_insula_inf_thickness,-3607.272955011423,0.270488301123326,-0.1356906908233765,-7173.461599189985,0.1556876417943783,0.4226249435934239,6
12150.0,rh_S_circular_insula_sup,37.0395,6.7203,9.5104,123,rh_S_circular_insula_sup_thickness,-16337.622637449156,0.3871738484637416,-0.2297821247375097,-32634.161102548027,-0.1946273062375536,0.9030597212785486,6
12151.0,rh_S_collat_transv_ant,42.8538,-21.6591,-26.6108,124,rh_S_collat_transv_ant_thickness,-4626.766957569089,0.1403635083988159,-0.0620597667085848,-9212.449742787894,0.4817356344196933,1.3638534674725584,6
12152.0,rh_S_collat_transv_post,26.264,-78.3,-9.084,125,rh_S_collat_transv_post_thickness,-6362.634176112123,0.2056601792257506,-0.1094910876713945,-12684.184041391383,0.2677513293870719,0.5270819879804762,6
12153.0,rh_S_front_inf,39.9658,25.6634,20.813,126,rh_S_front_inf_thickness,-17120.51630891921,0.4181481784541018,-0.2544575945051241,-34199.94830700556,-0.2631344158708874,1.5052282705386322,6
12154.0,rh_S_front_middle,28.8744,42.5388,20.4978,127,rh_S_front_middle_thickness,-15973.659325755689,0.4347854574879574,-0.2654891911569155,-31906.23434067851,-0.1123473329640428,1.3978265829384977,6
12155.0,rh_S_front_sup,24.0608,19.3358,45.4579,128,rh_S_front_sup_thickness,-16002.6511914919,0.4252139068921563,-0.2616232059622371,-31964.21807215094,-0.274162510888077,1.225824262691087,6
12156.0,rh_S_interm_prim-Jensen,50.0788,-44.3818,31.7636,129,rh_S_interm_prim-Jensen_thickness,-2592.657046788121,0.2557129791151411,-0.1255285286384582,-5144.22978274338,0.5304804952955229,1.533104262651644,6
,rh_S_intrapariet&P_trans,,,,130,rh_S_intrapariet&P_trans_thickness,-16670.440336030817,0.4193905816657876,-0.2553491290097816,-33299.79649971135,-0.1066000943098172,0.7556097814220173,6
,rh_S_oc_middle&Lunatus,,,,131,rh_S_oc_middle&Lunatus_thickness,-10258.748255454844,0.2366803943018511,-0.1256990473125473,-20476.412200076826,0.2964418152761738,1.0893159065055085,6
,rh_S_oc_sup&transversal,,,,132,rh_S_oc_sup&transversal_thickness,-13923.506204365538,0.3089341298552451,-0.1713203114614099,-27805.92823638079,0.0845743589410537,0.901321943415494,6
12160.0,rh_S_occipital_ant,43.9854,-66.3889,3.5906,133,rh_S_occipital_ant_thickness,-7406.253938707032,0.1719523519156585,-0.0927237566373461,-14771.423566581205,0.0439442759567549,0.450987355778765,6
12161.0,rh_S_oc-temp_lat,44.1098,-50.1488,-15.5087,134,rh_S_oc-temp_lat_thickness,-9362.286619977836,0.1666697377181525,-0.0852827883018494,-18683.48892912281,0.4442815575334357,1.045515005439521,6
,rh_S_oc-temp_med&Lingual,,,,135,rh_S_oc-temp_med&Lingual_thickness,-11523.813318576604,0.3298682178902666,-0.1998698655294252,-23006.542326320345,0.0930727494593971,0.3001711986791932,6
12163.0,rh_S_orbital_lateral,43.429,40.4972,-2.804,136,rh_S_orbital_lateral_thickness,-6673.35492000654,0.2967394058083179,-0.1763411609805333,-13305.62552918022,0.2205811092191746,1.7632493581665751,6
12164.0,rh_S_orbital_med-olfact,12.9365,25.0338,-19.0911,137,rh_S_orbital_med-olfact_thickness,-6964.432944764492,0.2541167949805507,-0.1330758152830435,-13887.78324080356,0.5677178136729927,2.778670149047637,6
12165.0,rh_S_orbital-H_Shaped,25.9679,35.7216,-14.4277,138,rh_S_orbital-H_Shaped_thickness,-9168.035797035123,0.3915570461326971,-0.2369734175756446,-18294.987283237384,0.0819964056974964,0.8438795206627758,6
12166.0,rh_S_parieto_occipital,16.7747,-66.7137,24.1158,139,rh_S_parieto_occipital_thickness,-13675.715539260576,0.3500724781109712,-0.2049954379127546,-27310.346906170864,-0.0228095262737017,0.4449757189667822,6
12167.0,rh_S_pericallosal,5.5137,-0.6535,18.6849,140,rh_S_pericallosal_thickness,7034.392061791537,0.1012694968582101,-0.0521548675373545,14109.868434415936,0.8357154335317051,1.2503759505613254,6
12168.0,rh_S_postcentral,37.3295,-32.9907,46.6787,141,rh_S_postcentral_thickness,-13524.183884127911,0.3946104014568571,-0.2355131643724395,-27007.283457422964,-0.0414752287456685,0.4615396496037007,6
12169.0,rh_S_precentral-inf-part,43.7165,5.7394,27.837,142,rh_S_precentral-inf-part_thickness,-13717.75457929564,0.3364862665246255,-0.1937239300398713,-27394.425124728365,-0.4018650020003091,1.3140193756957097,6
12170.0,rh_S_precentral-sup-part,27.3901,-7.7737,53.4533,143,rh_S_precentral-sup-part_thickness,-8927.452127438712,0.2577961057948935,-0.1460988120078234,-17813.820082527138,-0.5558127523352854,1.9171950169954235,6
12171.0,rh_S_suborbital,6.8615,39.9108,-13.4156,144,rh_S_suborbital_thickness,12340.179349951164,0.1102921195672882,-0.0563352417523893,24721.442872252614,0.6618683834194239,0.8226053725315267,6
12172.0,rh_S_subparietal,9.1647,-48.5168,36.0975,145,rh_S_subparietal_thickness,-12440.947658115834,0.2850819246696335,-0.1570068703858413,-24840.81100539881,0.1766191806989062,0.6614080596273305,6
12173.0,rh_S_temporal_inf,53.5491,-33.8282,-16.9948,146,rh_S_temporal_inf_thickness,-10195.899354741256,0.1882610836333542,-0.0996304737273524,-20350.71439864965,0.1805667007245752,0.8163271193989433,6
12174.0,rh_S_temporal_sup,50.5513,-37.0735,2.3295,147,rh_S_temporal_sup_thickness,-18375.12033669596,0.4208498979254829,-0.2572676822551982,-36709.15636255906,-0.173970361704001,0.6692357881337899,6
12175.0,rh_S_temporal_transverse,53.0349,-21.3815,5.7481,148,rh_S_temporal_transverse_thickness,6709.764371080887,0.1394306832351025,-0.0703869015492475,13460.613052994637,0.2510971112447395,0.1472769469210245,6
,rh_MeanThickness,,,,149,rh_MeanThickness_thickness,-24010.872910793507,0.4603627051733826,-0.2935018052787363,-47980.66164923673,-0.2078104860722172,0.5408572573470859,6
4.0,Left-Lateral-Ventricle,-14.4557,-13.6935,13.7137,150,Left-Lateral-Ventricle,281746.05598974315,0.3971947385985823,-0.3367179206322017,563533.1949052776,0.4463470026036811,0.516639971397283,6
5.0,Left-Inf-Lat-Vent,-33.9069,-22.2847,-15.8212,151,Left-Inf-Lat-Vent,188653.0159516425,0.2924760118765074,-0.1778000689420896,377347.1105323972,0.2190293490761187,0.7584010010442245,6
7.0,Left-Cerebellum-White-Matter,-17.3054,-53.4316,-36.0172,152,Left-Cerebellum-White-Matter,260108.15403003184,0.3014524258426067,-0.1929156370536602,520257.39043170406,0.3735431667067508,1.7718284031766665,6
8.0,Left-Cerebellum-Cortex,-22.2658,-64.3663,-37.6748,153,Left-Cerebellum-Cortex,288559.4464979288,0.3384543374027958,-0.2072967651735631,577159.9771682079,-0.2364055348466646,1.6009161310688491,6
,Left-Thalamus-Proper,,,,154,Left-Thalamus-Proper,230268.29992960385,0.5747920027569138,-0.4196088445851701,460577.6838930706,0.1364327515043299,1.6384654079005398,6
11.0,Left-Caudate,-15.0342,9.4376,6.9134,155,Left-Caudate,216302.96248414172,0.3243569502402059,-0.1932149894394068,432647.0092791164,0.0774919856075443,1.345343706754645,6
12.0,Left-Putamen,-26.3662,-0.1569,-2.0915,156,Left-Putamen,221743.80473282925,0.4577957888699,-0.3002348962966422,443528.6937764913,-0.1639117389517227,2.3597267600056613,6
13.0,Left-Pallidum,-20.9167,-5.1887,-2.4108,157,Left-Pallidum,196964.96175407548,0.4158510670635392,-0.291462434193032,393971.0078189838,-0.1631412063247941,2.039426133971676,6
14.0,3rd-Ventricle,0.5832,-11.117,-3.9433,158,3rd-Ventricle,208270.3868093204,0.4747531165890313,-0.3733603945210202,416581.8573755146,0.6458615212154176,1.0055158182132726,6
15.0,4th-Ventricle,0.5414,-46.5624,-33.2182,159,4th-Ventricle,219533.48925734012,0.0886735236075905,-0.0477785074431722,439108.0618560344,0.3593984430793718,0.403420972437212,6
16.0,Brain-Stem,0.8274,-31.9463,-31.0038,160,Brain-Stem,262703.8669138749,0.3587969101466838,-0.2256985014128392,525448.8181385827,0.0384179205210965,0.3158671864020092,6
17.0,Left-Hippocampus,-26.0885,-24.4296,-15.1489,161,Left-Hippocampus,211728.3117436653,0.2574097019708736,-0.146521369612212,423497.70779816346,-0.1216268502456121,1.2127818795927543,6
18.0,Left-Amygdala,-23.9093,-7.3395,-20.6358,162,Left-Amygdala,193018.41296522517,0.285517957998545,-0.1634269998977952,386077.9102412831,-0.1739753833779637,1.330542980368863,6
24.0,CSF,0.6027,-20.7054,8.0407,163,CSF,197487.3134340545,0.277860104376994,-0.1776389652050093,395015.7091011997,0.5183023761504744,1.1777427888665564,6
26.0,Left-Accumbens-area,-9.6298,10.9602,-8.7866,164,Left-Accumbens-area,169682.38608112506,0.5989695557421393,-0.4287810424392096,339405.85647308297,-0.179490301829878,1.1249026654069192,6
28.0,Left-VentralDC,-11.4566,-16.8469,-10.3269,165,Left-VentralDC,211809.16625601944,0.3177931534461043,-0.1878832830276213,423659.4168228717,0.0645845045649415,0.4514687299992984,6
30.0,Left-vessel,-28.5455,-3.2,-10.1818,166,Left-vessel,123976.8266248441,0.1694000497587087,-0.0833978535115388,247994.58081614625,0.1006029095787795,0.7939258883536565,6
31.0,Left-choroid-plexus,-12.5026,-12.218,6.3055,167,Left-choroid-plexus,190515.72766402108,0.5996966734811913,-0.4158911045664907,381072.539638875,-0.1032535871250648,0.2029124895384957,6
43.0,Right-Lateral-Ventricle,15.1816,-13.2417,14.2578,168,Right-Lateral-Ventricle,278424.7631114299,0.4058179119618434,-0.3443037487565229,556890.6088715852,0.4275588303079196,0.5588514636894224,6
44.0,Right-Inf-Lat-Vent,33.1019,-17.9214,-16.9809,169,Right-Inf-Lat-Vent,188273.54424704323,0.2435578259952121,-0.1325171372202567,376588.1667071459,-0.0629405111125637,0.811719397942079,6
46.0,Right-Cerebellum-White-Matter,19.0709,-53.5137,-35.6734,170,Right-Cerebellum-White-Matter,260431.6989560917,0.2836437765189213,-0.1816108992034555,520904.4812535375,0.5216575130017533,2.2711972365135185,6
47.0,Right-Cerebellum-Cortex,23.6529,-64.4168,-37.1952,171,Right-Cerebellum-Cortex,289560.9763064697,0.3229289675076402,-0.1947911266258328,579163.0366468023,-0.3511934093787255,3.0804991810986206,6
,Right-Thalamus-Proper,,,,172,Right-Thalamus-Proper,228347.16493033076,0.5711615548645002,-0.415699247626163,456735.41403301177,0.093879092375874,1.2499469267416383,6
50.0,Right-Caudate,16.1594,9.4585,8.2391,173,Right-Caudate,217382.0365446674,0.3287385779642636,-0.1961404002327964,434805.15740016766,0.0351599115784344,1.2837583498107945,6
51.0,Right-Putamen,26.9446,0.5477,-2.2491,174,Right-Putamen,221461.7825506131,0.4350244102653139,-0.2802427829273912,442964.6494120591,-0.120643803626667,2.315871458692321,6
52.0,Right-Pallidum,22.1053,-4.939,-1.954,175,Right-Pallidum,196152.303053658,0.3415127292155278,-0.220608804269737,392345.6902796662,-0.0850945151975056,1.3756176123016142,6
53.0,Right-Hippocampus,27.7436,-23.3794,-14.995,176,Right-Hippocampus,213305.17909973147,0.2501363248832634,-0.1426985968183654,426651.4425102958,-0.131236464360918,0.8142040056714708,6
54.0,Right-Amygdala,24.9425,-6.0108,-20.7379,177,Right-Amygdala,194254.4563779171,0.2903739129867164,-0.1659336313903387,388549.997066667,-0.0748016430197562,0.7720244339172958,6
58.0,Right-Accumbens-area,9.9868,10.424,-8.7054,178,Right-Accumbens-area,168724.269742724,0.415013033422033,-0.263118481094934,337489.6237962808,-0.1124179183271143,1.292560169403797,6
60.0,Right-VentralDC,12.4342,-16.4125,-10.0567,179,Right-VentralDC,210934.70459857563,0.3247713373359897,-0.1915666101490712,421910.4933695016,0.0967717224856767,0.4421506538136309,6
62.0,Right-vessel,30.5581,-2.5814,-10.4419,180,Right-vessel,117303.75551669688,0.2417280245542538,-0.1121526128783014,234648.4545535928,0.1206312018794349,1.5209904235847962,6
63.0,Right-choroid-plexus,12.0086,-11.022,7.3672,181,Right-choroid-plexus,189855.31010085283,0.6765669003093387,-0.4526949157048316,379751.700494596,-0.0378731169075333,0.2366081369008056,6
,SubCortGrayVol,,,,182,SubCortGrayVol,281209.16593472793,0.5461296557940596,-0.3638257537661977,562459.3982763363,-0.0930095759744743,1.7314842395730787,6
,TotalGrayVol,,,,183,TotalGrayVol,354745.3050861211,0.607196970593422,-0.4595422341980253,709531.694483075,-0.0932519331745743,0.6736840975626779,6
,SupraTentorialVol,,,,184,SupraTentorialVol,370636.4107768216,0.3510237503501472,-0.214949627233425,741313.905864476,-0.0126558517914375,0.3948756147791348,6
,SupraTentorialVolNotVent,,,,185,SupraTentorialVolNotVent,369766.87997296377,0.3705487424782936,-0.2311141005933205,739574.8442567604,-0.0307849590542147,0.3762636976632668,6
,avg,,,,186,avg_thickness,-25470.06945498613,0.4886088794404327,-0.3191921124040439,-50899.05473762198,-0.2157471085526397,0.6720612272951169,6
,EstimatedTotalIntraCranialVol,,,,187,EstimatedTotalIntraCranialVol,382495.3325479473,0.3208866580154761,-0.1894566328713667,765031.7494067275,-0.3962228093269226,2.225572993166261,6
